age,balance,duration,campaign,pdays,previous,job_1,job_2,job_3,job_4,job_5,job_6,job_7,job_8,job_9,job_10,job_11,marital_1,marital_2,marital_3,education_1,education_2,education_3,default,housing,loan,contact,poutcome_1,poutcome_2,poutcome_3
0.2112676056338028,0.03329000577700751,0.015356820234869013,0.0,0.1724137931034483,0.007299270072992701,1.0,0.0,0.0,0.0,0.0,0.0,0.0,0.0,0.0,0.0,0.0,0.0,1.0,0.0,0.0,0.0,1.0,0,0,0,1,1.0,0.0,0.0
0.3380281690140845,0.01970200269593684,0.23215898825654924,0.0,0.18965517241379312,0.0,1.0,0.0,0.0,0.0,0.0,0.0,0.0,0.0,0.0,0.0,0.0,0.0,0.0,1.0,0.0,1.0,0.0,0,1,1,1,0.0,1.0,0.0
